-- --------------------------------------------------------
-- Host:                         127.0.0.1
-- Server version:               8.0.30 - MySQL Community Server - GPL
-- Server OS:                    Win64
-- HeidiSQL Version:             12.1.0.6537
-- --------------------------------------------------------

/*!40101 SET @OLD_CHARACTER_SET_CLIENT=@@CHARACTER_SET_CLIENT */;
/*!40101 SET NAMES utf8 */;
/*!50503 SET NAMES utf8mb4 */;
/*!40103 SET @OLD_TIME_ZONE=@@TIME_ZONE */;
/*!40103 SET TIME_ZONE='+00:00' */;
/*!40014 SET @OLD_FOREIGN_KEY_CHECKS=@@FOREIGN_KEY_CHECKS, FOREIGN_KEY_CHECKS=0 */;
/*!40101 SET @OLD_SQL_MODE=@@SQL_MODE, SQL_MODE='NO_AUTO_VALUE_ON_ZERO' */;
/*!40111 SET @OLD_SQL_NOTES=@@SQL_NOTES, SQL_NOTES=0 */;


-- Dumping database structure for movietheater
CREATE DATABASE IF NOT EXISTS `movietheater` /*!40100 DEFAULT CHARACTER SET utf8mb4 COLLATE utf8mb4_0900_ai_ci */ /*!80016 DEFAULT ENCRYPTION='N' */;
USE `movietheater`;

-- Dumping structure for table movietheater.actor
CREATE TABLE IF NOT EXISTS `actor` (
  `idActor` int NOT NULL AUTO_INCREMENT,
  `idPerson` int DEFAULT NULL,
  PRIMARY KEY (`idActor`),
  KEY `FK_actor_person` (`idPerson`),
  CONSTRAINT `FK_actor_person` FOREIGN KEY (`idPerson`) REFERENCES `person` (`idPerson`)
) ENGINE=InnoDB AUTO_INCREMENT=15 DEFAULT CHARSET=utf8mb4 COLLATE=utf8mb4_0900_ai_ci;

-- Dumping data for table movietheater.actor: ~14 rows (approximately)
INSERT INTO `actor` (`idActor`, `idPerson`) VALUES
	(1, 2),
	(2, 3),
	(3, 4),
	(4, 5),
	(5, 6),
	(6, 7),
	(7, 8),
	(8, 9),
	(12, 11),
	(9, 12),
	(10, 13),
	(11, 14),
	(13, 16),
	(14, 17);

-- Dumping structure for table movietheater.genre
CREATE TABLE IF NOT EXISTS `genre` (
  `idGenre` int NOT NULL AUTO_INCREMENT,
  `genreName` varchar(255) CHARACTER SET utf8mb4 COLLATE utf8mb4_0900_ai_ci NOT NULL,
  PRIMARY KEY (`idGenre`) USING BTREE
) ENGINE=InnoDB AUTO_INCREMENT=6 DEFAULT CHARSET=utf8mb4 COLLATE=utf8mb4_0900_ai_ci;

-- Dumping data for table movietheater.genre: ~5 rows (approximately)
INSERT INTO `genre` (`idGenre`, `genreName`) VALUES
	(1, 'Horror'),
	(2, 'Science Fiction'),
	(3, 'Thriller'),
	(4, 'Drama'),
	(5, 'Action');

-- Dumping structure for table movietheater.movie
CREATE TABLE IF NOT EXISTS `movie` (
  `idMovie` int NOT NULL AUTO_INCREMENT,
  `title` varchar(255) CHARACTER SET utf8mb4 COLLATE utf8mb4_0900_ai_ci DEFAULT NULL,
  `releaseDateFrance` datetime DEFAULT NULL,
  `runningTime` time DEFAULT NULL,
  `synopsis` float DEFAULT NULL,
  `poster` text CHARACTER SET utf8mb4 COLLATE utf8mb4_0900_ai_ci,
  `idProducer` int DEFAULT NULL,
  PRIMARY KEY (`idMovie`),
  KEY `FK_movie_producer` (`idProducer`),
  CONSTRAINT `FK_movie_producer` FOREIGN KEY (`idProducer`) REFERENCES `producer` (`idProducer`)
) ENGINE=InnoDB AUTO_INCREMENT=7 DEFAULT CHARSET=utf8mb4 COLLATE=utf8mb4_0900_ai_ci;

-- Dumping data for table movietheater.movie: ~5 rows (approximately)
INSERT INTO `movie` (`idMovie`, `title`, `releaseDateFrance`, `runningTime`, `synopsis`, `poster`, `idProducer`) VALUES
	(2, 'M3GAN', '2022-12-28 09:49:08', '01:42:00', 6.4, 'data:image/jpeg;base64,/9j/4AAQSkZJRgABAQAAAQABAAD/2wCEAAkGBwgHBgkIBwgKCgkLDRYPDQwMDRsUFRAWIB0iIiAdHx8kKDQsJCYxJx8fLT0tMTU3Ojo6Iys/RD84QzQ5OjcBCgoKDQwNGg8PGjclHyU3Nzc3Nzc3Nzc3Nzc3Nzc3Nzc3Nzc3Nzc3Nzc3Nzc3Nzc3Nzc3Nzc3Nzc3Nzc3Nzc3N//AABEIAJQAZAMBIgACEQEDEQH/xAAbAAABBQEBAAAAAAAAAAAAAAAFAAIDBAYBB//EAD4QAAIBAwMBBQYCBwYHAAAAAAECAwAEEQUSITEGEyJBURRhcYGRsSOhBzIzQnKC8BVSYsHR8SQmRJKiwuH/xAAZAQADAQEBAAAAAAAAAAAAAAACAwQBAAX/xAAjEQACAgICAgIDAQAAAAAAAAAAAQIRAyESMSJBBFETMmEU/9oADAMBAAIRAxEAPwAGKnhOGBoY99GpwvNOg1BGcA15riz01NWex9i9TA0p4w0bvH+40oXA+dHBqDg/iRQxvx4TcKcjAJNY/wDRmYJnm/DQkrydo5reCCHf+yT/ALRToW4JImypLI2V47+QrytuDg7fxwcnyFdF/Jlhstyw42+0DOcjI+hP099XO4hGPwY+P8IrP9otZsdN8EVrDNdkZwyDC+802U1jVzYpRc3UUEl1OVuPZ4eoHF0h5PQfPn6U8ag7bvw4VKgHmcH+L6V5Xf8AabUnc9yyrhsjZGqheuPh1Pqearad29vLG7Ec4W4VsghwGH1qd/MUnpD/API12z1o38y9YoAfP8cdCR/9+lUr69zlX7pWDeLEgODzkfahnZTtlpWuzm0kt0tr3BIQqCr/AMJ9fdRPVlTYzbF6+lBmnyx2mdjilOmiCC4WRXKMCMdRQPUmyxojaYAfAAGPKhV+fGag7ouS2zOaoQLts+gpUzVDm7b4Cu1QuhT7MeLJEGZDXVjhLAKRVPULqRlOzOKl0SAylXY5qxp1bJlJOVJHsP6K7IpbzznocAVux+v8qBdhERNAj2dT1o6n69MxrxQvK/NlXWb9dOsXnPLdEHqfKvLLyeS5uDvbMspyzdcep+Vantnf99di2VvDGOn3NYfUbn2eymmT9pM2yP68V53ycjyZKXSLvjY+EL9sp3Sy39x7Lp6+FerH8zUMnZoQkSy3DNIpzjGBRrSzb6TaL7TuV25ZyOKdfXUU8ReJ1ZD0YHilKTTpdFXCLW+zD30t1p+oJOj7ZEfdHInBU17Ro+sDXuzNtqHAkdQJVHk44P514trrnvQW6Bq2/wCiq7J0rVLFiT3ciyoD5ZGD+YqiS8CNpczZ2r8P8KFXjgsavQNhJKC3MnLVMkPA+pt/xbY9BSqK/YG5Y0qpXQh9mSELFSpTOauaXEYZNvQVIV2+VSQn5U9ztULjjSdnpn6P9YWPdZSvw36tbe6m9nt5Zv7iEivD7C7e2nSRCQQc16fBrEepdnZSDmQRkEfKsWTjBo3LiuSkjI30zStM24E58TnzY9fpWalmW91WyhXlEJbnzxVztHeLaW/cBsEplz8eTWX7O6is2tgtwpH4Z9RUUINxcixyXJRND2j0cyOJ4VRmbqHYjHvBFV9dil0vQ7RI8e0TPtYnz4+/FHblu9KguFHXcTxWd7VXpup7SFZ4XVHLsy+R44H161uOUnS+hmSEYpy9sxeqtKgk3yyOMZG4sNpz05Nbb9Gtx3Wu3cOeJYPtzWQ7SXPtTCNMnDDJox2UuDZ9pbVjwHJQ/MVXk3A89Kpnq4bbHJ8aAzyZYii08mInx61nZJMuakgillK7bM7V2obk5lNcqlE7eyBkpqrirB6Uwjisso4nAwBozoWoPbS7S34bcMKDbeKsWfD4rpU0bBbAv6RjONQ7tQe6lAKnyPuqDRLEIyXMrRrEuACx2k+lGu15SS0t0IBkTn4Cq6mZ4ITpO0MIyJGOEKgY/ebp59K5O4qK0JkuM23sPLqFvBbyC4keFAOJDjGPjWC1q7ha+aSI71B4PkPiarmye61C5DX7Twqm6bupmZXcnCpnz5+1CzeQoVSey3shCSEsTvK5B8/ePpTcfx4xenYvJ8qco01Qait0ksklDrJmQ+JehxmnTM0VxDOnDKwYH3iqFi4sL1IRuNpcYYBjnbkZB+n291Fb9Y+6Cq2c+JT7qGa4yMi7R6T7UJ9PWYfvruoGz5Y803Q7oy9notx5UFfoag380mMaHyejsnLdaVRtIM0qYKJDTG6HFSEVE58qFbK5aRLp8E15MsUa5JrSQ6IlrG0jHc69R6UD0a6azulljG4g9KKaxrTIGmKkbhytLy36Ng6Vsy/aNNszyu3gQDd8/KnabYyXuid27GKSTOx9ucD/AGyPgaYkf9p3aLcHMbzMW95HlWoWKKIqikAgHArOXFJCq5NswmrxHs/poKoiyKTsCjh5CMb8eW1c4FZLu3tptkxJKESc+8A/bFbX9JSF7a0QAnxO3z4H+dBe1dsItQiVOnsqqfipI+2K9DDK4q+3ZBmjTddIiv1dGlsO4MotywiZeDGCdwB9RzU0ys0SjJwQT/DipNQna37SSlR4JoY2PzjFOuoJTAygHacZ2jnApU5XQyCqwvoOoRf2clvvG7HIPrVrfzWWgiWF4nhf94ZOcgij6vnkUFK9B8n7OSynf1rtVZZPGaVbQNhq6lESbjVK3lNxLtHFWNRj72PaPKhtkjQ3ShyQM810EuJTNvlRpUtzbxB0yWHoCaDXV7Jf3nsZ8Mo68dQfOtlrem240iG4tJUkyvIwDj6g1i7RDHq9lnI3s/Pl0/hA9KDjp2A5PlXodexy2yxxwYDbtze8+76VobGUyIksiYkIwTjmmz6fFcSbjy3nU793FIFLgcDANIvQ6qZmu3YULaSt4l8aFfXoR9jQHtAXubsXDJhGO0DywVQj/wBq2+rW9tfWjQzEAdVbzU+orI66ndW0MO7JSVAT64jPI+lV4Jp8V9EeeNcn9kOvRFHtb6PqYo049e7XH5qaqG7nSIAnIztPuPpV5Ge9jt4wpxFEA5I6kFsfk1DnBaR4gmVfnNF6p+gb3f2dkVyyueN2PL1oxaue4TPpVAQMqrEVY93g9D1q3nYMDp5UAVkEz/iGlUUhy5NKioA1UnLGq8kKuenNXWTNMjj3SqvqaUpFrWx1s1xFAVZyY/QmqEYLaxalNpIL5wRxlfifStBqFu1uFjHHGeP6/wBPjQdQbS6S4fxJgr5nr58k/l61yemLm7kv4aKBSvLEc1w30A2+OUEPjGxCMAjOPkSfpVUXPQiht4TGit6Sc/NaTC0xs+g22ownbvaQev4UZHy4rOa7aW+oEqpkHi3q5wGDefT51ZG4rg9DUAyJNp605Sa2KcV0V4bPuoikOAcdTQIRrcxArjIJfkenJH0Faz9khY1jzIIJHJ3BC7RnacEE5A/Kjg3KxWRcaDBhQw42Lu642dT8NlDXkwpz1BIo3I0cMQCg7duCn6vxzjrWavJQJJAuAM8AUcVYtuhonxnmuUNeU7jSpnADkenAhhXUX8RWHkapW93EQCZODUer6zb2No7Id0hU4qPi26R6XONWy9q+rpLdpHn9XjI5yf8AX/WohcLKuN2Qeu0n/f19SfcKn7VadBqusi4jfuLWOYRX7oMdz3SB2f3bo8Y/xK1B+1Wq/wDMVzJDCsEMsNrIkQHhTdbRHb9hVP4mkQvKmwhHMECoW3DoGz+VS3C9/wC1Q+exGX484+wqY6pqTWkgl7Q6dNH3Zyi3GSwx0xt645x7/nTNCkjN3NcZG6GzlkVZACAyKWUke4kEjp5UqWOnobHNrZXMu+ziuE5KjDiux7ZZBIDxir01zfXthcNdTQXEAKuMyo00O7K4Kg7gpPkR5VF2aRrO4mvWVXjsoi4VhkFydqA/Mk/y0PHdBp2rKWrS92qRqeWNAY7Qvqc4kXMA2Skn+90A/KtNr1vbR6mZUZu7cCS3X1jYBh98fEGu633V32es7a1jVb6Cxe4RVH7eISSd4vvZQu4e7dTMS7QvL0pGX1W9VF8JrPu5YEnqaM9uZAO1d5HkDiEgdB+xSgbjiqVGiXlZWc+I0qax8RpUYJqf+nTnzoXrrNgDBAxjNXy+2NRTvYbrU9wgt2eHozjoDxSY6dlE9qhx1+61WPXniJto9S7szwq24MExgZ+vp1IpXt3/AGmxuZIxGxjhi2A5H4cSRg/PZn54psWnyW9wEgtmH4Q3Z43Zzg8n3N9KJaVNf2FvLbwQxMkkm8iWJW9BjJ+H9ZrpTVmQi/SKr6hpMUEgi0aWJ9mQ7akWCHjB293zyBxkVzRtdNlcJcjDosZEqSZAkRlKsDj1DP8AlRT2nUUtwZFhDLI8mTCh5bnBHmPQeQqCPV9cmEsyW9qqlQyf8NGNxJyOD/XNcpRe7OljkvReg1i2l03udOtDbRzMskxacylsZwucDAGfTPA9K5Jrd1Z2ns9m80BaXfJJBIyPLxhUyMHAyx/moTaXWprA928cY70B32ooGMADA/rqauO+tOwPs2R1GYwD5H/IUhpuboqi4qCsh1PWLrUfZ2nLPdRRNG927liyFywXnrjcRn3geVB9Q7STNdaZLp+YJtOUJDKDkkiRnyR/NjHp8aJONRFwZzDL3gCjxrkAF9y/+VDRok4kWWSHAI6Ag+77mnQai7ZPkTkqiR65enXNeur+S1S2FxtIgQ7lQBQoAP8ALVV7Z0GwktxlD6+6ibadcuVKQeIHjxLz7utMuCGt2I6jke40XO2L/HSM458RpU66Q98WRchueD0rtPVCGHbu4IjXMcZ6DoR9qrJMxjkIAGT0HQUqVJX6jn2MsWJWab9/dtB9BRmNQijA4HkaVKgydjcXRNc6o3dMfYrHCj9XuBg1WgvWXT96QW6s2AdsQ5x5/GlSoH0Gv2Jre6Y7AIoQBzgJinXt48fdMscOe8C57sdD1pUqCvMO/A6Ze/5dIwVH7qgZpjjKmu0q2tmJ6BTcS4BrveYDoFAG3Pn1rlKn+id9lB5WuGLyYz04GKVKlTBJ/9k=', 1),
	(3, 'The Last of Us', '2023-01-15 10:49:03', '00:45:00', 9.1, 'data:image/jpeg;base64,/9j/4AAQSkZJRgABAQAAAQABAAD/2wCEAAoHCBYVFRgVFRUZGBgaGRwaGRoaGRgYHBwcGBoaGRwYGBocIS4lHB4rIRgYJjgmKy8xNTU1GiQ7QDs0Py40NTEBDAwMEA8QGhISHDQrJCE0NDQ0NDQ0NDQ0NDQxNDQ0NDE0NDU0NDQ0NDE/NTE0NDQxNDQ0NDQ0NDQ0NDE0NDE0NP/AABEIARMAtwMBIgACEQEDEQH/xAAcAAABBQEBAQAAAAAAAAAAAAAAAQIDBAUHBgj/xABPEAACAQIEAgYECAoGCAcAAAABAgADEQQSITEFQQYHEyJRYRRxgaEycnSRsbPB8CMzNDVCUmKyw9EIJJKT4fEVJXWEorTC0hdDRFSCg8T/xAAXAQEBAQEAAAAAAAAAAAAAAAAAAQID/8QAJhEBAQACAgECBQUAAAAAAAAAAAECESExQRJxAwQiMqETFFFhkf/aAAwDAQACEQMRAD8A5LaMIk1pGRIhloAR1oKICWhaPtC0BloWj7RcsCO0W0kCxQsCICSKscE1kgTSAKJIKcUCKDAeqSVUuPaIU2linawH7Q+giZDEpd4i33sY5qUuYNbvr6/v7vniVkNvmjaVSpU5aSnrGUpMH1hA9KQuktsJG6QIUWElVYQPN2jSJKI1hNNI7QUR9oKsAtC0CI4LAbaKFjgJIqwIwkCsmAgF5wK9drac5DnJ5wqPmJPzRL6QqRBvc+q8crHmfC/sj8JTzHXaaS8NXzMlykWTZmGGfQEXt6ifLzk1NrW+MNPYf5Cb2G4Oj0C6qCyEht/gtqDb40z2ofB15m/zNJMpWLxUOBq94n7/AH2klWpp7I/B0BmYEnZvdlMY9K5RdTc3IGl1Ug2vyLEqgPi4k8lNw6Xl1KQEkXDjMbbCw00BsLFrcrkE285nYus4cgHQf5/zi1JN1pPh7m4kVUADWS4GozoSdCItTDAjXWJSzSkrjlCWey5ff76wl2PIrGkR6xLTTRQIKI8CCjSAwiOAikR1oCBY9FiASRIZIEiZfoMHfS3OIGPuhYzMutrRcpBtAd06+2WxTB19VjJa3pawVOwuRr9Al0YtxbIu+gvz994zBNbebCqpAZRc8h5znleW8Z/Db4HislFzUXQo6vl1y6HIeWpZgAPG2swVFwnxv+l/5TVwI7SlUIU5VHfc2AvdcqqL3+Fl98nocOFqem7t7kc/ZJOHPP7mRhKJz7fre8ER+BTM7sATl7q2/ZJF/UXDn10F8Zp8SpGgrNYZzZUvsXc5Vv5XI9gMXhdNaNAMbkWDX55bAJcHYlQpPmzTUvG2apvhn5nL5f4zPx+FXMLHU6HX5vfp7Z6XH1FVb694WAF7nn9kx8ZndgGsC1rAa223J9czaY9kVVC5UHfbcDnbcmPL2sGGs2sDwxES9jnvqx+F6vIeqVuKUgCFAOx8/p9ssS1jYl/D77QlnDYK5sx8fd/lCXY8OsLRyiFp0aOAgBFURuYeMBSIjtaIzajwMH5aTJIcjyVXEz6tbw0kT4hmFuUslLI06bpfUi8c1QHQTGAlukWUAhvZFin4jBsSSPbrrteNpqQt/A6yzjGYqhFxmvmN9/LyH84mHHwhJvhYlSraaOErObKpy3vdiL2HgJlnDX2Npb4bQqgM6ugVVLkFxmyggaLzNyNN9ZLNtb129pwTAlMM7Em1Soqi+l8lyTbwBy/PNfMoNBM3eu7Zbfo9nUF/n0mfjFq4akFdGdfxmdVZk76rYB7WGim9/D2nNwHGF7YVKjWUB788q5GsBpoLm8wxZu2rfH/w+KWiNVUKX0O7objTa1PtNeTVFi4jFCpVVN0GrW2JAvb4o29cyqHESpeu342ozWXmocd63xQKactaUp02ZCSt7jflY+A/nGXHBjjtscSxg7S41VRb2sPp2kOHxGeoGt4AeWlhKWCINiRe5J21G9/pj0c59DzFvbp7pNr6fD19JyUPxpUxi3f2H6BJi+RQNySAB4kyDFl9LhVv5luR9X0yuelKm48OZ+2EjGm/MwgeEUQAgDEUzs1oyqSTaMKyfKOf+cjZplqHBO6DIn2+/KSKdLffWVcS2to8oicxojge8L7XF/n1ktYC9gNb2mlGGp35Xm3gcESVGliQNZXw9Ky6TVwFbKUZr2OwK2JANswN/EcxMZVrGPR8X4BTp4Rny/AKlra6OCoYE7EHL888DT3B8ROl9McWF4fWRjZ2NIeGudGyfGygm3gDOUYesyHy5j+UmM3E3qtWgL6n4I39kqu5diSNPDyG3384tXEEAoo9Z3310+cSfB4fUM2oXWx8Tt85+ia65Lzw9lwvpliKDG9nU6sp0AJAFh5AAD55BxXGYTFi+RMLUzKWIVmR17xysi/BYm12AJIJB8sGqwA11O58/L2mQqnjudTMQvD0VDgbtZgVqrsXpsGTx73NCbn4QGpkFXD5LKCSeYI1BNrC/npb2SngcS9Jg6OVYcwbH1eY8ptsyYkdooVKiWNRRcK9iBnQW7p01A0ty3kyMbyhwOAzEKdNdtvIny0A+eaPFMElMLkG+nu0J9ttfOVKJUEhwbsDkbbW976H7+En4hTAK94m+up2Fr7DfWZ8Fu7FjBOXOdj3VFl8+V/sk+Jrg2ktCiCgCkaC2ltLSriaWW03HO9qphJHsfnhIjm9jzkqj2/ZIQY/PyAnZtI6C0iKxytaITc2vYTJ0ES+gkdbDkkC9gRL6FVGpAEovVuTBOUVXCjkT7Y6mmsRifAx9FwDrceyaa008JcWmg9dVbawA0voPP7JQw9Tw18CJ6ro9WOHD4uoe5TGgKqQ97AIpOocm1j65yrc4jK6yXQYhKabKmdx+3WZqhzednH9rznj5e4hi2r1Hqubu7Fm9p2HkNh5ASk66zpOHJJTfb7+c1aT2GvLU+s7CZeFS59UuObbbn3ecmXPDU45T58xueX0/wCEnR5UUWsB/jLKLM6ZtWl2lrhlYISx/SZV/wDiXBb/AIQZQ2iue57f5yaHpMQvf+KSthckkbeobyHE5gwzncHUW0O9vmv7o84oB2bmbOo8A6hyf+L3CVTUZ8znU7Dy+ewv5f4THjlqb3wtYLHlGzXvf9E2Fx5HxNifbNqu2dA1vfeeVRixFyLDU3305f4m01ziCqAA3G+s1imch5FoSqMaSb6WhDm8AgvLAsBK6taIz3nZvs8veOKkKTtpALbn9sixLkWvMiO5O8cgPKRIMx12EnL2ml2VUuQC1r8480G2Vrka2208xIxrvznROrXg2HxFN3xCgsuJpIjFWJIZGvT7pFgfHlIm65/g8bY2YaHQkbjztztLHE+KVXVaLlciMSAnwSToGvc30Jt8Y+M7VW6D8Obs2egisSppgF07VmplmQ3e1XYtlXKe5a9iZ4jpt0Xw64hUw/4M5A1SnTR6jIWqZEcU82ZVZbMyk93TS5ALXld1zxWtHMbkWnoavRJlAJqg7Bgih2uaZqWSz2bQcyptdiAoBMlLojUto6FiXUIdD3Kgp5jYkWzMt9e7mG8qMIDKLCTLoNdz97Sbi/DKmHdMwLKbkPlYKRmcLqdiyqHtuAw8JUVr6yaW1M5OnjJkqnwlYGTIZGVoOALX5RQ3dkNU6Xjg2kg3MSbpRfYGmAzeGR3p38+6iiV2qhgOSjYSzVRWwdBj+i9WmdhqSHHr0J0ma7C29z48pidunhM1cbKLeq3KTpXB+E2bTnt80zVtfSKbTUjFaL1hoYTNvprCVHnwY8fN4wVYrGbVI7gLcD2n7JSdrmSVnvp4SIRESU9oA6xq7QSFSZp6/oJ0SbH1Kiit2Sooa+QvmJI0+EtiL76+yeNJnp+g3EKtPFYZadR0DYmitQKxAdGqKCrAbixItCOiYrqiZ0VDjfgm6t2JJG4tbtNrEc+UzeG9UGdWJxpBFR0NqO+RihN+0529/Oe66z8ZUo8Oq1KTujhqVmRirC9VAQCNdQSInVfXapw6nUdmZmeszMxLMT2z6knUmNRXNej/AFZnGNiW9L7M0cXVoG1ItmNMqc4/CDLfNtra28v4Xqlaq1VRjcvZVOzv2F834NKmb8Zp8O1vLznu+r6qWGPvuOJYkX5mxS1/ULD1ATY4H+Mxfyn+BQjRtyPj3VO2Fw1XEem5xSQvk7EqGyja/aG3rsZz4HQT1PWNx3EjHYqh6RV7HOF7PO2TKVW65b2t5TyQbSSizHIZCrSUNpIFap3beckV9LynVfT2xQ97DlFg9Rw0iphKyXt2dRKov+0Ozbl4GZ7qAbD2mTdFKo7ZqbfBqI1P2mxH0RGo6G97XNuU5+VlVaxtoN5HTfkZM2TlY++RBZuIczQiEQlRjiJUcC/jFAkFQazSmmBgYsIUbQSC7REhTjNvoW9sfhR44mh9YkxDNfogf6/g/lVD61IR3Xrd/Ndb49H65I7qk/NdD41b66pG9bhtwyqfB6P1qReqP810R4PW+uqSq3Oj/BBhfSLOX7fE1MQbgDKauW6jXUDLv5xeB/jMX8p/gUJkdAcS9QY/O7vl4jiEXMxbKi5LItzooubAaCa/A/xmL+U/wKEDmfWf0DRVxXEu3YtmVuzyC3eZKds177G+05QJ6nrL4tiDjsVRNer2WcDs+0fJYKhAyXy767bzywMlEojhGR15kQ1NYqNbYXPnEY6HT73jkufL2XgaPA6DvVAU2cBmTwzKLqD5G1vbNXiNUs7DYkm42tfcfSJQ6OOVxNI66uB5942+2aePpEO5Juc7lj4nMbzN7RTKRjIBLKxKtMWBHMSimwhHVByhKMNBGV12i3jHM0qNYpiCKTCBYKNYimLfUQpxmt0R/L8H8qw/1qTKM9/1d9A/TqZxK4l6D0qwVcqBiGRUdWDZgQQW8OQhHSet834VWP7VLy/81I7qgP8Aqqh8ar9a85Z02xOJSricFUxVWuiZfhs1mORKoJW5tYn3T0PVv0bxWIwQqJxGth0zuqU6YJUWIJYd4bsW0tGx7jq82x/nxLE/Sg+ybHAj+Exnyr/8+HnNelnR7E8LwtbEUeIV2L1QzKL0+9Ua7VCQxuxtbWanRHofi6mHSvX4likeuFqlKb5bZ0ULnZgSzZQl9Ba1uV4isvrG6uiTi+I+k20NTs+y/VUDLnz+W+WclUzuPSvoRiThavZcRxVQhCTSquGWoACSlxaxNudx9IzKPUuhUH01tQD+JXmPjxRya+gjSZ0npR1XDCYWpiFxJfs1zFTTC3F/EMddROZlpNB6sOYvvp7Dr7N/ZHU6Z5X9Z2jKB118/oktE6WO0UXuDOFxFInX8InvIH2zd4mDnccs7fSZgcOdRVQttnF9drnf2bzf4m/fb47fvTF7RWb4JkL+Ecz90yN3lDW8oR19BCUeazaWjSI9TIw1z65pQY0iPtEMIRYqrEEkgAOk7v1Fj+oVflT/AFVGcHU7id46iz/UKvyp/qqMRXhenh/1pivjp9RTE6h1Z0+y4VSZhb8c5H/21CPcBOVdYbgcUxQI0Lp9TTnXMO/ZcGz/AKuBL+00S/0mJ2k7VOttc3Ca5tt2TD+9pj6CZtU2I4cCCQRhBYje/ZcpndJPw3Bqx11wefX9mmKn2Sl1YdLaWMwyUGIGIooqOhtd1QBRUXxBFr+BPgReq1eiDE8LwxJufRV31/Qnjeo/iVasMX21apVy9hl7So1TLcVbhcxNr2G3gPCYPWX1cejh8XhATQ3qU9SaVz8JPGnrqN18xfLq9QH/AK3/AHf6K0DM65+I1lxnYrWqLSbDoWph3CMS9S+ZAcp+CNxyE5pOg9dv5xX5On79Sc7MgePKSIQY6lTtTdze91VfO5Gb16fTI80C/wAKpq9QI2oM3cbV1Pmze8zzOArZKiMeTD12vrabuK+0zNnKeTb6GNZ9pGHjVaNFTs+kSVneEaGHeKsbeLNKkCxrJ5xyxTAjC2johhAbfWd56ifyGt8qf6qjOCvO89RB/qFX5U/1VGIOd9ZlS3E8b66dv7lBO+Pw5Gwvo9TRDRFJtcvdKBSL8tJz/pj1bdviK2NOI+EyN2PZXvlCplz5+dt8vPaei61KmXheJ53yD+1WQfaYRuYnh6ehvh01T0dqS3Oa69mUAJ56TlnBerMJhqWPp4yolUYdcQuVF7rGkHyg31GtvMT3nVhVz8Lwp8EZP7FR0/6Ze4Hhw3D6VEMPyZaJI1sy0+zb2hgRbylVLwHFnF4GlVqgXrUFLqBoS694AHkbnSc1/o/bY3/d/orTpnCMGMHg6dJ2BFCiFdthZF7za7DQmcz/AKP22N/3f6K0DD67z/rFfk6fv1JzsN4TofXh+cV+Tp+/UnOpBZqYhmVVZibEnXlpawkJMQXOsSxgXeGX7VLbhgfm1m3VGlvP+Ux+Djv3/ZNvbp9F5r1NBqfH7Jmpe1duUid7CK7iVXe8sC5jb1mERISDNEdGxVmlOQxzGIIjnWAsIQIgMae96tOj2MxnaCjjauFoIwzGm9QZnYDRUVlF8qi7E/q6Hl4Midy6hh/VK/yj+GkQWanVviiDbjOLv+0zsLjYkdprsJ53D9BsfiauJwuI4jUy0jTYZ2q1VqLUzlXCs4sQUOhvYg2Olz73gOIduKcSQuxVFwmRSxKrmpOTlXZbnU23mpg/y/E/J8N+/i5R4Cj1a42hTtS4tVREBYIgqovNjYLVsLm/LnPLdWOBx2M9IFDiFTDhCrMO9UDNVLktYsAGump3N5r9bHSTFUMcKVHEVEQ0UJRSACWaoCdvACP/AKP3wsb6qH8aA7iHRfH4jFnh1bilR19GGIJKEKwNQ08jIri+19SfVKlLq6xmGxVPDYbiDp2yPUqPT7SllWiUUEqr983qgAXFrmdAp/n1v9mr/wAy02Kv5fT+S1vraEDnfFuqsOyNiOI4iq7kU1d6ZqW0JAYlyVW97a2ufOc26Z9Fn4fWWmziorLmSoqlQwuVIIubEEbAnQg853zHVW/0thkzNlOGrMVucuYOgDZdr2JF/Oc6688PkOCBJYhKqlzbMwU07ZrADmdAOZgcuo7iDG50jKAFzc208JYKAcvf9EzTa7SqBAFtqBv69456xO5lJVO4F/v88XP83nvIhzVbmRXiWJJIF/VFRbm23jNB6GEGQLzP+f8AhCZFKGaJFAmlLeKI0RRAdmiZx5wNtYwwH5hO3dRFZThcQmtxWDHQ2syKBZrWJup03GniJw287D1GcSstaiSLF86gBi2YhFJNhbL8Hn435QPadHvztxT4mD+qebGD/L8T8nw37+LmR0e/O3FPi4P6p5r4P8vxPyfDfv4uUeM6yugnpLVMd2+TssM34Ps82bsld/hZxa97baecxP6P2+M9VD+NKHXLxnEU8b2VOvVSm2HXMi1HVWzGoDdQbG40PjND+j98LG+qh/Gge2p/n1/9mr/zLSv0t6RpgeIYNqulKpSr03b9W70WVyOYBUA+TE8rSxT/AD6/+zV/5lpl9YXRb/SWLw1Dtuyy0K9TNkz3yvh1y2zL+ve9+UDb6YdGE4jRUpVNOqoJo1kY2s4Bykg95Gsp08AR4H526Q4LEYes1DFF86frMzAg7MhO6nQ3+0TuPQ7h9bhuJTh74g4ilUovVS6ZOyZHUFV7zd1s5Nr2BGm5v5Xr9pKKmEcL3ilVWa26qUKi/Oxd9OWbzgcmQ7+r7RLrHkRKK7H78xJWeZsSrCVNI1gSSbfcSCKTeVNJ6dS2nKSsOdvb4+yU2cx/aG1pk0cXubm3t1hIQTCaNIgY4teNi3hopiqYwGOv4QAxDHnaRxEE6p1GcLLV6uJDrZENNqeubvlWVtrFSEcctVE5VL/B+L18K/aYeq1N7WJU7jwZTow52IMo+muF8FaljcZiS6lcQKAVRe69ijIc3LUnS0dgagOPxQBvloYUHyObFNY+xlPtnA36yOKbemN/d0f+yZOE6U42k9R6eJqK9UhqjXuWK3ALE+FyIV6vrw/OI+Tp+9Um11A1VD4tLjMVosBzIU1Ax9hZfnE5dxTitbEv2leo1R8oXM2+UXIHvPzxvDuI1cPUFWhUam63symxsdwfEHwOkD6fXgzDiJxmYZDhRQy65swqmpm8LWIEr4nEqOK0ELDN6HiNL696thyPdTf+yZwv/wAS+Kf+8b+7o/8AZMOrx3EtX9Jau5rggipmIYWBACkbCxIsNLEwPpnE8JdsdRxQZclOhUpldcxLujAjS1rK19fDx05f1911NTCpcFlWqSPAMadr+fdM8iesjilremN/d0b6eeS885xLiFTEVGq1nao7WzM25sAB7AABArrz9kcRI5IWvJQCKpiXiXgOEC0QGBMBWaEZmiwhl4l4l4kqnQvEiQHkxJtcH4WlRMz9ob1Vp2S2mYE31B2tNDBcJppUpAsWZjVA0UramXUkhgb3Cid8PgZZSXxXHL42OO55jyt4qmej/wBDUAmYmoSKVOobFQPwhAsLryPOOxfAaVNahLtoagXb9ACwIA1JJ8rDWP2+et8f6n6+G9cvNExJt4bhlNqIr5msFYMNDaqGAVdvgkMD7DNqlwpBiM7AsS9UAAKEARf0lC2ub6WtLh8vldf3oz+Yxx/P4eKvCempcApns1LkM+Q8iCGBYgC2lhYAk6nlMzi+BRBTZMwDhu69sylWy62A0PqmcvgZYzdax+NhldRT9Efs+2t3M+S9xfNlzWtvtzkAM2R+bj8rH1Jmj0f6M08TSpP2rqzYg0qgIQKqrSet3Dm7zZae5sLta2lzxdXlbxLz0q9H0ON9GJZaZptUVsyuSvo5rowdQFZTYa2Gh2BmuvQIL2Xa1Wpq9B3qOygLTqrTSoFY/qAVUBO90e20DwgMdeeyr9DFphy7Ovo6BsUpy5kL4VK1JV0t3qpqU+eynnLuJ6E4dGRDWfNUxQoL3qanLmoqzBCLsQKpOm1hA5+DEJm50r4SmGqoqMxD01ezFGK5mYAB0OVwVVWzL+vY6gzBvIH3hmjISh94Rl4QCEIkBYQhAvUOJulM00JUFg2YEhrhStrg7WO0gTEuMtnYZb5bMRlvvbwvflIICa9V456T0znjts4fCvWX8FVLNlAamzENZdstzZlG4G48OchrriUzBu1Ga+YHOA3I5uRmepsbjlNSh0ixKCy1mt+0A3vYEzrjlhZ9W57OeWOcv06vurYbD1mGVFqFSQbANa/Ikbe2bVXDtTpuWrVRVChmAqAjMSq2YKSbm+lzfum4EzcT0hxLizVmt+zZPeoEzM5sRc2JBI8SL2J89T85j14Y/bu+6ejPL7tT25TemPYLnbKDcLmNgeRAvYGMr4h3N3ZmNrXYljbwuZFEnG5W+XWSd6bIqr6AVzDN6UGy3GbL2RGa29r6XmfQxlRLBKjKAwdcrFbOBYOLHRgOe8qxZFXjxWvd27ermqrlqHtGu62tlqG/fFtLGN/0lW7/AOGqfhCWfvt3ywIJfXvEgkEnxMpwgWnx9Vs+aq5zhQ93Y5glsge57wFha+1haWBxzE2K+k1rFg5HavYsCCHIvqwKqb790eEzRCBNVrs2UMxYKCFuSbAsXIF9gWZj62J5yGEIBCEIBCEICQhCAsBCEBIsIQCKIQgIYQhAIGEIBAQhAIQhABCEIBEEIQAQhCAohCEg/9k=', 2),
	(4, 'John Wick: Chapter 4', '2022-05-27 11:34:07', '02:49:00', 8.9, 'data:image/jpeg;base64,/9j/4AAQSkZJRgABAQAAAQABAAD/2wCEAAoHCBYWFRgWFhUYGRgZGBgcGRoaGhkcHBwaGhocGh0aHBwcIS4lHB4rIR4cJjgmKy8xNTU1HCQ7QDs0Py40NTEBDAwMEA8QHhISHjQrJCs0NDQ0NDQ0NDQ0NDQ0NDQ0NDQ0NDQ0NDQ0NDQ0NDQ0NDQ0NDQ0NDQ0NDQ0NDQ0NDQ0NP/AABEIAREAuAMBIgACEQEDEQH/xAAcAAABBQEBAQAAAAAAAAAAAAAAAwQFBgcCAQj/xAA7EAABAwIDBQYFAwQBBAMAAAABAAIRAyEEEjEFQVFhcQYigZGh8BMyscHRB0JSFHLh8WIVI0OCJDOS/8QAGQEAAwEBAQAAAAAAAAAAAAAAAAIDAQQF/8QAJREAAgICAgICAgMBAAAAAAAAAAECEQMhEjEEQTJREyJhcdGB/9oADAMBAAIRAxEAPwDGUIQgBzTPdPvhH3XFZ0x0+8fYIDhBHIed/wApIlYlso5frQoxvdJ4Ees/hetEk+K4adef+0vQbN1jCKuhbDsUrhxbRNMMwFTGGpzaL9FNs6Yqhxg2Tu19FOYaRHgo/A0NLae/yprDU4PvluUpF4jnNp73J4XSBPD7R9F2zC93mb/797l6GaC+4+wpjBTeY1/3ZPaRsN8D37K8ZQJGtp8E+GHIbx3JjBNsnXT34pSoBlymfH6Jaiy1rW99F38GRvKyjLMO7cUMmIlQG0vmni1p9I+yvP6l4SHNfCoNd0gHlC6odI5My2zim4g+viLorfMfRcBdPMx5Khz+jhCEIMBCEIAEBCEAeleL1eINYoB3Z5p5hxDQm9QQ0Dx8/wDAC4zGAl7Kp8X/AMJvBFs3UvQA1Bsqa2sQn2Hx7m3BKVwZWGaPsvGGeReNVJ4XFydyq2C24zKA8QU7ZjGzIdwUJRfs6Izi+maDh8QJAnrw09Eg2pLncp08VXdl7Rz5oOgnyErrDYwtcXTab+c/dJxpjWix4faIzGeIUw6sCPJZ1j9oBjyQRBc0+F/8KYo9p6TaeYuv7/CbixeSLrSGg8fL36p0+zdVnWJ7dsyjKQDuE8NCoHF9uahd3CY8CDfmbR6plBiuUfstfbjZhq0nWuBIjldYtXYQSDuKuWI7a1yIJ1BEa/VVHG1s7i4iCb2VYJx0yGaUZLQ1Xu5eICqcwIQhBgIQhAAvQvF6EGoHLtrJk9PVJqa2dgy5sgSBJJOgi0kcASknJRVsrixvJKkNcbc2AhrRppAgCed4nimxNktXBzFvgfQ/ZJPasj0h57bYn0Eruk3MQALmwkgCepsnOHbAIBEOFwfzuTqhsVzyILQOOabbzEJuSQihJ9ESHxuTijXO4lSm1NlBjQGNc6P3Rr5fRQUEHgVtpitSg9lr7PVIcQTqCFdNmYIFnURr1v8AVUXs63M8ArZNl7Ob8G8aeP1v4rmyOmduP42Y32ip5HlocYHooJ9fdcq/dsdhvfUlot7k++KqrNjOztH7SN9vqqQkqJTjK9EOKnL1TgENOVzSDvBEHipjEdmasmKbyDplEnoQFYtgdg3vY+piQ4d0BjXHvAD9zr90bgDzTuUSahJMqDAw3gJhjYlW/GdjiwksJICrO0sGWFCasaUXx6I0jRcpYNkHldIpkc7VAhCFooIQhAAlqYsen3A+6RSrND1CxjQ7E1fezwH9BUj5iHehA/PmqG4XU7sLFuyupg2Mz0iVz+TBygq9NM7PBko5Wn7TRHOEvM+7/hdspowoJJJUjRphM5Vo2MOSsbUsLdTmAwrrGy5w+FuOClqNKBKSUrKxgoiGOaCwh17W0H0VKxFLvnqrjjneiqz7uKfF0QzK2TPZhvfC2nZT5pAcAsT2C6HhbHsF0sjkp5fkVx/E8xOAD5Gmo0VOxmy3B8Pk7r++ivtNy62hsxtVs6OGhSxdDMpGF2cQe4b66kH01Uzh2PNnfQehXow9SmYIngfspnZ7HOGnn74LWwqiNxFGWxlPNUXtLsc3MWK15uHi5ufwq92jwgLDz/CE3EzUtGDGgQ5zY4+SYlWraWHyV28CSCqvU1PUrpg7OPNGjhCEJyAIQhAAu2m3iuF61YzV2KVnSZAj87/VL7PrFpdG9rh6JmlsL8wHG3nZY1qh4SammTdOi0Ydrge8Xu8hbyXFN8JxSp5W5Tu0XIwxIkLl5K3f2enxaSr6JDB1ipH4yhcHU3FPG1ENGctCW0andPRQLVJbVqWUQyrZXgtHJll+xMbEfFQLZ+zQGUdFimx+88FbJ2UqSwTwgqWXtFsfxHwNzbeVI4Z9r+/dlH46k4khvNMdl7W/a7UEg8ZFlNaKNWifr0wdOG9M6WJyGD4J8x9uVkyxrA6SRf34rf5Fj9M7qbTadLWURtPFZh4JriXZVC4rGopsdJRKb2tqAOkajN9I+6pqsHaeqXVI6e4VfXVBUjgzu5AEIQnIAhCEAC6auV0xDNj2eEIbqh2q8CA9lgZiQ5ok3jzUpsRwc7L/ACB96dSqtSdbp951KktkPh7SZ1bEddVyZMenR6eLM21Y+2gzJUduBMjofZHgvGVbKS7TUhLXDWLxpG6OXPmoF9WAsxPlFMMv6yY02niJsEUKHd03JjXfLpS39a7KGzoupKkcDlcm2Tmy6eRzZ3iy1fstWaAATwusUwuOdIDj0Kt+zNvhrNbxopZItnVinGqNVFcF9iDZVPtJNKr8dnyujPG5wtPiqXQ7SYx9QNpMMEwAQSfEzAWk4fZVR9DLWLS9wuBcC1hJiTzUpRceysZqXRzsfa+YC8ypLEVz4bve5UPZ5dSqOpv3HzG4q206pLb3SUOR+0q+u73uUFiaoawvPgD6H3wUhtzEtY0X7xOnAcfC3hKpG2NrF7iNBJkcoDbDgZPnuVoRslOSRDbUqF751HHn7hRZUjUbZznDTTqR+Qo5dCOCfYIQhaICEIQALtmq4XTUM1dnKF6QvEAx1QYTpKlMG1pc2BaBEAambu6R70TLCNJ6kHTdxPkCp/Z2EL6zBIgybQI7hfB0AFiN+m+IPPklVnfgjpMfdpycjCZGZo8xIPmZsqpUdKm+0NeXlgMtaSG6WExu6KuVnR4pfHjUUb5UtsTeAkSV6XFcrqOBsVoUS4gDeYVl2cGUxIOdxETrqYEA+/VVxjbEzpu6/wCk6pVTDeIED0BHlB8FjVjQlRY8Ftg0X5mEZp7zYMzPP9vLlNiFo+ye2NF4aDADtNxPQceW/wBFkbKEkOdr1iZEg/T1C7xGJ72Xdw00l0xMbz6KcoKRaM3E0vtNQY5za9OCNHQbG9vfNKYDEQ2d3JUjYe3rGm8ktdFyJBkRws6QeOhVmwR7rmzuMG/CxUHBx0zpjNSVorvaGqKj3g92JFribkeceqqGYlx3jne3sKexOaagP7py5uIt4bh5hV0OynztxuumCpHLN7O8We629+HCLesBMU4xlcvcSY8LBN0yISdsEIQtFBCEIAEBCEAehdVGRHMSuEq/QeSwZbTHezK+V3gfCLmOFpVh2PVaKtIERluODi4G5F47seJ8FUqJg9beamcPTde0yYEjdEkgny6kKOWNnX4+R1Q+7ROlrX/ucDm6ydOHRVyq4QIJ0E+Nz6qV2pWlrRMiJnLAuBpxvKhmMkrcKqIvkvlPRyDe67kSnP8ATCE5w+BDlTkiKg+hi2redOh4m4TmkWzJ48QI3KwYDs+x8QbyBBHMD/KsuD7P4cXcwkBpMxv7xA04AKcsiR0Q8eT7KOMQXWFzeMoceWoSVbD1X3+G8jeYI5WWvYbBYZjZa0EwL79SCFyMJnIJEct2+55pFm/gq8CrbMRD3NJFwd4Wl9msTno3g92J8Pd1H9vezzWAVqYgfuj0KYdlMdAcLWBN9xH+07akrRGEXCTTOdt1P+5bhB4+XGx96VWtdx8f8qZ2tVDnZ51J3aGdFBONtd6pFaJZHsTKEITEAQhCABCEIAEIQgATzJLXad0g84NvuEzTttWIPEQfp9ErKY63Y0TulWJNyTM33ydfuU3LDMLwSD0WvZkW4slMe9xAzWAEhpsQLw2PDcN6Y0DdPqdQOblBM7jN98CTuN+AFtUyrUXMMOBFvMeSSOlRWbtqQ7e61l1h8YW6xHr4CbDmUgwyFxUou3Baq9mNvtFjo7YDJjXkPflyT3/r7mjuvaL3iN8kdVT6NJw73CfWyWwlFz3RfXX18JCxxiMsk+i+Ue04aLguIE62B3HmLjfxUhsrbT6r7CGyTI0tw38NeKr2zuzFVwzloi4v9Bzgqz08IyjTDgAAIHAT09lRko+jojye5CXaeu11BzCbnpIk21KzvCYg088XJGo4zzFrwp7am1W1CWC43m8NINja0T11VWxJ1PE3vbpCpCNKiWSVu0JYisTaZ0+1kphsA99mgk7h6hdbNwZqvAA9hav2W2A1jDULbkQzpvcOv54qjdaJKN7ZjT2EEgiCLELhW79QdmCnXD2iGvF/7h+R9FUUxFqnQIQhBgIQhAAhCEAC7Yd3uVwvW6oZqex0GwRO76f4S2Kwu8K7N7FODBVd+4BzeEES30UW/Y7mAjUbuS415MG9M9FeK+L+iossb8D5xZPcoeIlxLQcu/ug2Gp0G4bzvTjGbP5XUfRJa4cRMTpxC6LUlaONxcXTFKNtTYAeZvCeNrCBa5Njp4W3fhNcQ2xc0y2AN45E3vMx5po16arDlWiWp1rOBIIJ4TeQVM4HFsabNDST1PA9Y4KqfGMHqnGHxEmDp9v4g7gscbGjkpmhnb5a1oBGVpBygjMO8TN7F24zqmG2tsBzILvmOotMeM+uvKFT347cN0jrefrw4pDEYsuaAec33zJgbkqgPLLo6q1buPCLeUpr3nGBJRdx5laR2D7GF0VqwIZqG3Bfy/t5p+iPy/ofdguy0N+JUbDTuOruPRqvdVtrJxAAgCABAA0A4BIVEUM3ZRv1CwIdhnOi7O95LIFv+2sNnpPYf3McPRYE4QVqJzOUIQtEBCEIAEIQgAQEIQBu+zdofF2bhjPyU2sI5tET5Kv1agJKjOy20SMMGTb7iy8r1LryPxP8kr+z24SUcSr3s7xWGa4WUBtDZc3FjuIUsaq8FaV244uJy5HGRTqjXNlrrfTdoPBI1GiSRpPl1VrxmEa8QQq9jcA5nNvH8roTOOUWhlyQXldl9tN0JIlMTPZSjGFxAF0vgcC+q9rGNJLjAAC1zsl2DZRy1K4D3i7W/tb1/kfRY2Ml9kR2G7DfLXxAtYsYbTzdy5b1pwtYL2EQgc4cUk5LOak3BBgwxre67ofovnrF/O/+531K+gtsVMlF7jua76L56e6STxKELLo4QhC0QEIQgAQhCABCEIAtHZqrLHN4H6qWeq12dqw9w4hWdcso1NnfjleNDd4TctKfFq9bQlWiTlsYNDkoMO5/dAmVJU8NoISfaTaDcIz4TDOJe3vEf+Jjhbo9wMjgDO8I/oV1FWynbXptY4tbBI+YjQH+I6KPBXiFRHO3bNS/THtDhwf6d7GMqOgNf/PkSdDy06LVsgXyy0wtj/Tntx8bLhsQ7/ugRTef3gftP/L6rKGUr7NDyLktSpXhCBhu8JJwTp7Ug9qAKn2+xGTBVTpmGUf+1vusLWu/q3isuHpsH73yejRP1hZEhCyBCELRAQhCABCEIAEIQgB7sp+WoFcWXCotF0OB4FXfBOlo6Kc1uzowy/VodMYnDWQJXWHYnGDwxqvDBYauJ0a0XJJ3ACT4IKiVbFNwtA4lwBcTlosOjnxqR/Fup8BvWZ4nEOqPc97i57iXOcdS4mSSrb2lxf8AU1cwB+BTGSk3TuA3dG5zj3v/AMjcqriMKWuI1i88QdCE0aOedyY2Qui2y5hMSBP9nYVzg94JHwxmkWIIuCDuNkyc2Fbdn7Ne6gzDsBz1iHPP8WHSfAC3VBqRpP6c9rRi6fwqjv8A5DBf/m3+Y58R+Vd8ixja+wH4E08RhyZYWkkcRrPI3B6rV+ze2WYugyszU2e3e141BWDj1zEjUanpamuLsEAYp+reMzYllMaMZJ6vP4AVBUz2uxvxsZXfuzkDo3uj6KGWoR9ghCEGAhCEACEIQAIQhAArj2eq5mDlYqnKxdk8RDy077hZLopidSLhOUJ/jKJo0BT/APLiG5n8WUTo3q/fyB4r3YuGbUqF7/8A6qLc7+cfK3qTASxzVaj6r/me6TyGgA5AQB0Uzof0Qztly3RQuIwORzSWzlJgHQtOrD13c1otPCiNEw2jswOBssa0CqzNK+BDS7KJY67XaO3S0zwvKKmFa5x7pFJmuUWkxqTEmIvfXRT1bZ75dTabP0mzgR/E8TwNio3Icz2GQ1pa4AAtAh5BdZpAJ7uoid6yLdmTiq6Otk7LFR7CWGBBcACddG5QL7jfmtY2VsRtFtwDUdd54WHdHDnHTckuyWym0mB4OZ7wCDHyiItO/wD3vVhFNVsnVDHEYVr2ljhIIghUfAPfsrFyZOGqmHcBwd1H0WjZEw23shmIpOY4aix4HcUIxlipvDmhzSCCJBGhB0UB2px4o0KtT+LHOHUAwPOFXOw+2X0HuwGINwT8Fx4fw+4TL9WNo5cPkBu97W+A7x+g81tCmNEzcrxCFpMEIQgAQhCABCEIAEIQgATvZlfJUa7nHmmiEGp07NqpMyYenQB7z4qVTzI7jPAGfJSGFoqhfp7jsxfScST8zZMmNCPp5rRqQUmtnSnasVYxcYkCEsFFbVxQaCtfQLsrm1mgvAHEfVMXbOBxesNHek/K4xLWgOuWjXwbxlSmzcU1r3PIzOHygxAPPiU3bUc+qXPZnD3TOXfZltxECSODegXOpPlaLyS40zRdjPDqbCLgtHnvnnKlA1VnY4LJInKbubw3Zm/cKzUnAgELqRyPsCF5lXRXL3QFpllK7c7IztFVlqtO4I1tfzWWdqe0LsV8PMCCwEO4F1hI8lqnbTanwqD3TcNIHU2HqsLJWoWR4vUJ7s/Amq4gEAAEknQACTMLG0lbMjFydLsYoVjd2XeJ77LDMbmzb3NuRtqmuO2I6mCS5vd1AmbkgbuR8lOOfG3SZd+JlSba6IZCEKpzAhCEACEIQAIQhAEr2cx/wcRTfNs0O/tdY/nwW3UDIlfPi2bsjtP4uGY4nvNGV3Vtp8dfFJNey2J+ibxVfKFT9r4tz3hjTc+g4qW2vi7G6gtntzOLzv06e/qpSlovGI7ZhwxkDoOZO9LbPDmVWhxcGvs3K9ozCBLHM1c0FucnmBpZJ1Tme1o3XTnEYXORBsHsa6IzBoOZz2zdsEskj+KWNIaWy5UWdwOAuyx5jinmEqRH8TpyPBRuAxQEGZa608jvS1duRxbNjcHgVeLtEJLZMFyaYyrAK5w2KD2h3geoUVtrF5Wm6YSjN/1J2lOWmDqcx6DT1+iz9SnaLGfFrvdNgco6D/MqLWom3bOmhWTYmCc0ODgQXmmwSI+Z0k+TSoXZgBqszGBmEzwm6uL3FtNjnGINVxkj5zLWxxuZ6Bcvk5GqivZ6HhYYtPI/Q9pODnPJ0caUj/g1rqrvsP8A2Ve7VYmSb3c5x8G91vqHHxUlWoOb8dwjM4NYy4u0QHEX0gDzVW21UmoQDLWgNHRoifHXxXN42NOdr1/iOzysvHC19sjUIQvTPCBTOCwmGLWmpWcDlJcBucSYA7pmAL9VDIQBYTgcFFq7ybW0nuyb5DAmyjtpUaLS34L3O1md2kbhzPko9CABCEIAFcOwe0sjn0ibOEjqLH0jyVPTjBYgse1w1aZ8N/osatDRlTsv228VPdBuTFyBrzKRwmLyhzR8zY0IJIgl0DiI1UBtjaMuaRBBE34GOaYsx7miASAZmCB9BoouDZ0/kSZdG4sAtOQuztMguAAaWkZyWkuEWMENld0dryGF4bkDXS45flAALGk3IJLDBIkDiFSP65xiXWBBIJO7gYIA8F67HZpN2u4iJMaSY3I4MPyI0H/qrYDqT2gOzirmOXI5oEFrScskgklrXTmF7qU2bt/4lBoe9z38S1o6QButPj4DLTtR2UMtH8h3Tu3jpr+UUdrPB+Y2nfv3nx1KeMWicppmt7E2wC97J1GcdRY/UeSg+2O18rHQbwY6qlbA2qWYgGTDg4GeYJ+qR7Q7QNR0TaU1bEb1ZCEoQhMTPQVYKJw72UxfMDTz2qn9zswgWuI0jdG+K8lKVZzflcR0RRqbRYm/0wIc5pa2GAhwrSHBxzEEWILYAnrAiDWiUtUxL3CHOJCQRQNt9ghCEGAhCEACEIQAIQhAAhCEAOcVo3+0JsEIWIZ9nQ1QNUIQALlCFpjHGC+ceP0K5xXzFCEB6EUIQgwEIQgAQhCABCEIA//Z', 3),
	(5, 'The Matrix Resurrections', '2021-12-22 16:14:35', '02:28:00', 5.7, 'https://www.ecranlarge.com/media/cache/1600x1200/uploads/image/001/410/matrix-resurrections-affiche-1410304.jpg', 3),
	(6, 'The Matrix', '1999-06-23 16:28:33', '02:16:00', 8.7, 'data:image/jpeg;base64,/9j/4AAQSkZJRgABAQAAAQABAAD/2wCEAAoHCBUVFBcVFRUXFxcZGhoZGRoaHB0aGh0aHRoiGiAdGRwdISwlHSApIhoiJTYkLC0vMzMzHSI4PjgyPSwyMy8BCwsLDw4PHhISHjIpIykyMjIyMjIyMjIyMjIyMjIyMjIyMjIyMjIyMjIyMjIyMjIyMjIyMjIyMjIyMjIyMjIyMv/AABEIARMAtwMBIgACEQEDEQH/xAAbAAABBQEBAAAAAAAAAAAAAAAFAAIDBAYBB//EAD4QAAIBAgQDBgMHAgQGAwAAAAECEQADBBIhMQVBUQYTImFxgTKRoSNCUrHB0fAUgmJykuEHFTOisvEkQ8L/xAAZAQADAQEBAAAAAAAAAAAAAAABAgMABAX/xAAjEQACAgICAgMBAQEAAAAAAAAAAQIRAyESMUFREyJhMoFx/9oADAMBAAIRAxEAPwAHZDxAY+37Ck7Odcx5c/Krdq2dK7csSfafkJ/IV2o8anRVw3eE6E7VOjtpJOwNcw6MCogAuhdBm+53ZuZiACQImNNSDG1dRzAOWRmW0CDoXYEqBPKBM+nWi4FIxku7JURtfEdv1FdQNm3nXbSu96yMVZII0iQdftD+Vl/kOoqdFYsuRczMCwA00Ak/SkcGVpldrTBjEc9+VUmU7Grj32lAEALNkUF1zFs5t7TtmkTtVW7eLSYBCjUqykaI1zcHXwo3+mN6KxsEoy9D1QmBz1684prWBDHzHpvyqRGcPlyrmUMzfaWwFUROZs0KR0Pr1qe0MyMdYOonfU8zQcWgNPyU3Q7+hqPKQefOrV8w0RptPmqqxHXZx86ZmJOXI0nIQNBpcy5Dv97Ovz1iKbiwJNvQydffanZJnbQx567flXIbKr93CuCUYugBAUuSSW8AyqT4o2pJdhC5U5A0FgVKyuWdQTP/AFV20ObSYML8bH4y9CZBA0Gv7mmjDzyp7XIkFQCmjTct6MS0LJf4pU+Aa6HSprbEAALJPiAlV0AJJJYgDbmaHBm3dFT+mHQVBdsjnFXDdJOZVkFgg8duS52AAaee8RrM1DfuETKwV3gqw0Q3DqrEHwox0PI+lH42BxlXQLxuGJIIAGon8v56Ulw+XL4ebnfc+Hl71fxltyYyaaECUPNV1ykwZddDqMwkUyzaukLCZizlEAKzmL5R4ZkS1plkgA5TFBwAozt6YG4zgho20DblCj/aqGFBzAdY5+RG3vRjHWrtxM3hC5VGrKslgHGVWMscjA6AwCKFYRZcdZ/apyjTLJyUGmFDhTExAMgH0ifzpUTa0IGw1bp5Uq1kOIXwxGgjX8qle2x1MQRH/bFOwWF125n6URNkiI2gf+NWbpixg2gTYwlxikNJRSiyoMJ3eQr1Iyzz0JJ3Jq1a4cyqFzkLmFwKFWM4KkHqIyARO2lXsNY5baHceRFELFvYHXQfkazyMvBP2Ahw5ju4PhVJKgkBFZAR/iy3GEmd6mbBsWXKSrKMoMA6adfSjQtgGmPb8VI5tj8WZ8cLKlAGUd02e34W0IfPEZoyz5TAGtVH4eQHXNAuABwAdYMyCxLTvJkyGYc60xgeLy507AcJ705mbKh2jc+k7U3yNdi8ZN0jLm05uC4e7LjqLkHbcG50EQCFIJEQals2gqZZ2it0/Z2wVgBlP4gxJ9wdKy3FuHmy+U6g6qeRHX18qyyctAnjlFWwVicEbhjwgbz4sykqqmIYLqEGhBqXE2yjLcuXLQJyquZSo8FzvEyqjAkq2nOQBmnen8Sxgs23uEfCFAnaWhVnykifKa8/tXMTfuP3aveZ4mAW2jUE/BtptHLlSzyOOimKDZukwmlvu7qP3SlberAhWt92RKsGEjXSIOoiTLV4fcW21oMqo7BiADIMowKsWJEd2BrOhPtnLnC+LWxcd7N0oFGcGDKEyYgnNzmJIknSrfZHjDXLhsMcy5c1s6EqoA8DHTNA5xOhoRyt6GnCS3YWbAPDxki7BYDvAJDOZEP1YnKZXbTSnthm0KkggZJEzDAgkEEQaJtbIA30HP8Aupi2yNY5gmSYn+Cn5sg7YIuYIsMuVMuYPrnnYLlMNERpyPnXb+GufawyqLohwuaGm01szJlic5YkzLa0VKBWA0gRPTf5VUvPJgUebMpSXkpYy9czqWCPlULH2kalXGpaRraUgCBvprVW7euIlkEghXd1EHQm5LHQ8ze16ZBHOS16wCdN/DPyPUzEUzF4bMEX4WIMHlOe2IHuR8qVzYylPeynxRXIYNkbO6uSMywy21tghQ0HRRoZgsazuFtAXJnYtMfiBAj61oOJYkuwA2yYe5oRHiuEmfz9qDsgDpCgEnQcvu9P586VttAk23sKYnUACRvJ0kbRA6nz5TSqbu9FgaS0nmWgTpSpaBZqcImnnVlre385UzC26IWrUwDtzP5/Si2PGOith46a1ZROlW8Fi7eq2wAAYnmau37IZSQIMb/vS8iqhoD5NagufGB6VcI69KicAt8qYVg4pO87fqam4Xx7CgZO+UssyFlog6gwNI/SpHt6j+bnesV2ewmDwlw3cTdKK63LdpTmOpIViWVdwDHuTS5H0PiW2b+x2kwtyVtX0Zuk8zoBJ0BJ0qlx5HYJmGzGDHUaif7dvKsJb4NZwdxb9xjdtam2NVJ1lS34hAnlOmlae3fXENbvtMhHVUMwMzDx9AcoK9SGPJdUjL7aHnG4uwF25QrgzA0L2w2my7yeniCj386v/wDDPErbw2TNaS4XYgM6h2nnlJnaKd2wwguWFB0XOJ0JmVIGvLUzJ6bgxOPxnBLWJvObLMhBOdGUFVjTwkMDGm1afezY19dHuFvEMfwnrBrzPhnD1HG8X3a5baJJ0gBnCGB6ksfY1DxzsniFw2EFl2BVHF3MzISSwM6epGvQb0d7CcEbDWbmcqz3LgJZTIICAAAnUwS2/nSx7GktBW7Z/nzqvdtfIxNE3X8j+tV3XfTTSrkGgTfw3j0BiRp8qpnDnNH19qOsgz7GdgfkTHl+1Qsmu1GybgVrljUabgdPPSqeMGW5anYlht/lf5/Z0VxDhAWbYak/hUDUnyETpWOxnaUuWcBFW3JRXMMxAI113g7Daee9BDNeAjj8Fbtgug0yKkACMqElfX4th0FAMOsFJ3MT5AZdP3/9VIeOC6beaBNt7gAJMMuYBW6mFJ8o9KisZw6+EQCRPsoiaK6EmmmHCphfVo8tutKryYaQDJnXTl/N67QNxNBhVpvFMX3aT93UMQJIhS0j/THuKkwaiI+XT2qj2mdFw9zOwWRC6wc3KP5zrVY6dIC8B7Q2fHJYZZaYMFRuT0ga1tuG8Ys3lburqvA1GoIGusETFeXdlMbGKEW88h1IESQRB0O/pXoXDWtJaDWraJ3gkhUCExOpHL0O00rW9FU6jsvE1Fk1HtUa3iW8tqmvEAx6UxOyC8Omun6155/zJ3uubDXHQXHyZHRApLk5gWR82uw0kepq3297S5Q2Gst4zpdYH4F18AP4jz6CRudPO7Duuqlh6E0k96KQVbNnxnFXrkf1NyQpkCApPlAqbhGJc37VwyttbZUhZhpJCqeRIPi8gKFdnuF3L9xc5Ygbk66e9ehYbhSW5uXMqW0XdjChYgs06D+e5hCnbFnNy1ELYrDzYuxqTafL65TFeO8O4i1pnYKGNwNImPC0zHnrWm7RduWcjDYOVRmCNdIh3zGMtsbqpnc6noOeI79kfMhjKTHTelyUysFRsezOKZEa2M7Ncyorm4LihiSAsDYktqY5a16hh8EttBbQQq6eukSfOvMeDrfxtpw4TN3VxbQAywzIVDMR6+1W+wfbG4GGHxJZ1+FbjavbI0i4fvJyk6jzGy4+2GZ6A6/lULL+lXb6wNKpOxFVRJld9X96Yya03E3vr7R+1VUx4Pl5a01CWit2pB/pr2XcKNukgnbyoN2S7L2HRrmKTPcMEWmOUKvKUBBJ9a0V3FAgg6giInUiIPod9aCJ2VVMWMQL5FrxPBUlgHU6Fwfh8W8bD3pJ6HhTZnu3mGtrdtPYCpEW+7QghTqRCqdJk6c6bw8FnTNuG1H3QdP1B+lQWODKt62e8Lt/1RmXLCqymInUmZ5elX+GCXI00vPA946a+QowFybo14t+EGN+vtSqS4GIyjlGulKiApYnjwt6CRqRPoYrPdpeId7YgTmQqTPmJaeh8Ux0gUK4hjs7EvIUhS0CSvigz7AHyJirr8LbbwlWBUMpnMuYxIK6QDl0JmBtVtdIik0rbG9k8JcGIs3NlHi12IYZY+TTG+nka1qdo0bGXMKIQIAEJ++wGZ1nYETEc8p1EQRXZPFXLbthmIgBjbneJzZZ5gb+lAO0nDWtX86nRouAjdWJOvrIn3rnSalR1Npws9Iw+IhyDuI/ehPaDtCtpxbEy0AsIGUEA6HqAwPpTMBxNbtpL4gN8Lr+Fxy+sjyig+L4fbvvcvEtcl4yA5QGQd2VnfUCTqOVVrZGPpmV4hbtuWNshs7+HfTxHVs2smT/AL71e7O4ZO+tKwDCTmBEiMpkmem/tVnA2lDz3YthWtqVAIGYuJ1JliEDa/4orRdneBBrlxjspZB65+voCPRqPHTbGlLwiPHcdtYAXFtoHvFjCkHJbE6ZzO8GcgM7ExNYvi/H7+KM3XLDcKNEHoo0996ix+INxi5IYuzE+pbMYPMEn6Co8PaE+m/T0qLbkx1UYj+Gu1q4t1QC6kkBhI1BHzEyOhAqkiZSJGg5UVKROlVL0VpQQsMjbDGD7UXkRrdlEtyINzVnE6eEmAD5wam4FgIUMu8bESDHKdtv1rLvij8KaDrzJ6+X+1H+zPH+6+zu/Ax0uakqT+MblfTbz5CHGI81KWzecF7SFUFu5DBYUGSG00gzOY8uVG7PErV05UcZjrkMBvbr7V5jYvB2eCBmZ2GoGpJIGv0oKmKYXkIYqUZSD+Fp39unlTulslFybo9gxog9PKs7iwQxKxOvuaMYrFBkW4NnVXHoRP0mg7gTpqPKefQVSPRPJ2S4W6JJPPUCZ5dfWraKbloqwYgABcphtdwDtuKk/wCWJYt95cEufhQE5RpOsbxz5cvOosBxa2EysrSC0BAANDJHKIOlLNco6Q+P6S+zoy2Aw9y3efMO7topkufhUGZJ86nwPDLneG46XERizI+XQqWJUhttojyNV+N425jry2VXJbLImUakszBS7tzyyY2ExppXrTAKIA0GgHlU23DsvxjPaMnYwOUl8zGY+KIGkadNq7RDiNqCGAMHkNgaVG7JNU6PLluWzdVT/wBMlUb0ckEjyls2vT3otwq4wy23Mj7p6OkrE/4hDDzbzFZYgFwd9Z9xr8tKPd6Mj5mmbq8yNCA/nHWRsRPnVb3YnFVRd7R4RwqXbT5HQ5pHkNT6ASTP4aA2+M3rlzJdksQymeSjUgaTyOpJ3rWYbiGZYuAMUIV+hMRMcg4BEdQwmsvcwndXcoaUBKo53Nt18E+kjzGUjlAWauSaGjqLiyXgeOFm4bbmLbiCehAlW/Q+R8qg4dxQ22AkjPBcEAjO33tfWPZelLiFiBm8o+sVSxaQxgeXykfoKLtGg0zW8RxE92p+42o89tY0+VaTtDj1s4K+V0a7ca0vWbhMkf2hjWL4WxbVvjB8QO5PI/v/AL1W7YcUa7e7sPFtMoRVPxPEM+nmSs9FETrTZZfVC49yYGvMFUCeWsdTrE+U7cquYAAKNJnU0M4g8sddJIHoOfvT7WLyqInaoRkky04uUdBXEOBQjF3OlNfFT1qs7zQnOzY8fHbOCpUfSoaeu1TLF24n2THoVI+cfrUF1WGVifiEg+c61fwyZ7F3yQn/AE6/pVOxegd3cByHUHcoT95eo6jn607JR8/9PUezt7vsGjP8SF1b+1iR/wBpFXBaGdTH3hy86g7F2v8A4g2zFpYjVTCqisp5gqgPqWHKrt9YMxrO1VT0SkldkfEMYHnp8I6x5ev7Vm7iMzZUUkk+EAa7z+dZ/iuLv2bjW2ZhBH9yx4W22Ig0NbjmIBzi4ynaf0k1RZIx0hXjlPbNC+KfCXMxC51ZG3EnI2bKSTA2ivRH47autY7twy3gxX2UtB6EQQRyINeF4nFvcMu0mrfA8VcTEWShOl1WidN4b5rIJ6Vz5Zc3o6MUOK2e6Yu0WSAYOkH+eVKpbThgCDoRIpVJS0VcFZ4DZc5gDIIaIO8zEHpRaxiC1iTsFJEDXMq5deoHTzqvxLDC5N61JMB7ya+FjqWWd16jdTPIaU8LbDBtTqIEbazoff8AOrJtaJNJ7DGF4q6FriKDGUsh1lZysD6nKZ1g9ZNFcY1u9btXrYgSyOugIaS4B89WM85oDw6yVYeISROskRAeGn089uulGsLhcubKRldV0GokHl7kn3I51aCbOfI4oh400W18z+k0PuKS+h3Zh9R+9W+NzNtDP3j7CP3Ncw1jXMdftFYjyiNPcU9WLHUbJsVg7ttbt0wU8UNOs6gCsq9wkjYfzrvR/jvFsyGzbU5ZBdupAnKPTNJ846aiFwq/05usTmN0W7YBEQqZrhYESYz2wII+I1zZZXLR0Yo0rZUuvJP0qS3GX57QfmKrVZtII1I9NfzqaKPoiaozUtwVFQGFTlNNrorGLuGxMJcXqKjw1xSO7ufDybmp/UeVVjXKNi8Ub7sNirmHu9wzB7N2chBkB4kEdMwEEelbPE851Gp8q8m4Mz5le24z2yHyHmAd16+leq3bgZQwmGhhHn4v5NWh0Rnd7Mt2gtK7i54JS2oMnxeFiQYBBGjKJg7DajvA8R3mGZCM8H7QOuZZOsljJn1FDOO2iyOFLgaTGZhMgyVXfaPKs5Z4jctW2CMxDHmMu3lnqiroXfYR49h7KIxVLVs/4AAzeWgrK8JT7UERoefUgj8ga7j8dduD7SCPIz+RNTcJQ5UI+8/12H886lOm1RRWouz1js7ipQJMlQPkZ/Y/SlVPsopOe4TIgINIBO5+Qj/Ua7XLkiuR0YpPijynheMa3czBiIk7n1+v61ov+VC6Rcw+5IzW1IOvNreX4RpOXYTpyFZAqQda2nYm7oQpPebhQJ0XxaeYiY0rpjLVMjONu0cv4W4fAxJYGStxYuAAblyJgzzESKJ8LAX4gY5cx89frFFe03HFspaBW1cBMFGB8SnU3LVwfBGxB6jbmIwnGLbuQuaCYUn4omRn5H10/Sq458jmyQ4gvjOJU4u2GHgFvSf8TtEx5AV3DYoHEd2NFBPn90nn51Hxwq2NeNQipvIE5AYj1NVuHH/5LdQT7aVSN1/ppJVfpDOOhQ8KICKo/wAzMAzMfc+0RyqpxvwW8Pa5raFxv89496Z/sNsf21cxuGN7EpaB/wCo1u2SOQMAn2BJ9qFccxne37t0bM5Kjoswo9lAHtXNPtnRi/lA8UQw2qABQfQn61RXcfX0ozgsKJCLdXNryZRsSRIB/Klh2NN6BuItkb1WrSvwfNaa8923bthsgIDvLbxEA7EfXpWccAEgGRJAO0id45T0oSVMMHaG0qVKlGEav8W4a1k2w3/22bd0dRnBkH3U/SqDbH0rcf8AEW0GTC3Rtle3PkIdR9WopaA3ujIYDCtccKhAaYEmN69S4DavWrJs3h47TlA3JrZAdWB5/FHtG4NeSqs1vOynHbwK4a+S6sD3Vw6kQJyZvvLExOx056NBiTQ3tNF0C0jJmV/EH8IkiFEkev1rL2cHczBSAAN9R4dYMxMa+tXeNcQzXnVBmUMAJ8JzKIMFdxJMTOlDHYfebx5tYE68yzlgJ9NPOnlJWCMXRd4qCBGnrIg+k6/Su4H4LajVs5URGpLaR6nSliOGBU+O2Z+93lvL/wBjMDHrWi7F8JbTGXlyW1lrQMguxM5yPwrJIMamCNqE5+RlG1Rsi6YPDopMQADHNiZPr+wpVieP8YN19jlG1KpfG3sf5VHVGdvC3ct2zMPEHUDYkbeg5RXMNbNs5kZgynQjwkEcwZkV3B4p0BQGAdRoJHoeXWpsMD0/9866YxTINtIWMW5cc3HJZjufboIH77nU1Ywy90ZbfcVaFqPiMHaOY5VWxKAo0GeUiY6+m/lVOCjtEefPT6Grdz3GYkTccazsFEH8jp6UzhjnvC5HxNI/P/8AX0qvg757twANCYP+cgaempo5wDByVlZMT7t0+VZbphk+Ka/wrrcC3r97bu7TZfJ7gFlfeHZv7KybHWt5214Ylhe6t3RduXLqtfgqO7ZRkt2woM//AGsfkawbrBI6GPlXLN2zoxxpUcBohct3bIS4Q6i4soxUZWUgSUbYxIBjbah4FF7yk4axuFN7EZZ0BGSwDE+YPvNKh3XkYOLObBsspZRc7wEGCpIAP3Tpp1G9CzVjEHkIA8udV6zNHoVKlSoBFW9Yf1fCNNXsQ3n9nKn522zfKsFWy/4dY7K9y2dQwVwPQ5W+YYfKmj3QsurMbWn7H3iLmUjMshhI0Vl1DA7g/vrQnj3Dv6fEXLUHKrSk80Oq689NJ6g1c7I4k28Sh3BMMJjSjHUgS3EFYoeN+kkid4Oon2NLCqkzcLZRySMx8pOi+pqbiiFbjWzP2bNbE6nKjEAE84G3lFXeB4ZLtxUFtYiXZ3YmANSoQKQenIaT55K5BbpFyxcK4i1btoIFxFyQGG4zBid9ZknlryrV9quLFkItnwgkT11y6eQJisPguIlLz3VUZnz5f8GbUkeYWQPWrP8AU94lx5aECjQHLBbKNSPOtO3JJLRotKL9jWc8unvXaiun11UHnz1pVQhQNa4RG3LlV3CuP5/tU7YVWiZEaaEflQ1CwYgjUEg+2lFXF7GtSWg5bujT0in3rUWmhdAJ0301k0LsuZ+tEcUz3EiYJQheUyP1q3K0czhUlQP4eAtrMfvMFFa/sfdHf5zqEK6emv039qz3F8KlhLdpSxKwzMT4WYgMQoC6ECNcx5iKl4DxMWy7xI1J6aCdfL96RSXGvwrODu/0l7dcbF7GsrfBacocvPJpM9ZLD0A3rHsf3qS7eLMzNBZyWY+ZOYx01NRmuVnWJacTy1jpy1309h8hRHhtnIjXmXbw28wlWuHaJEELDOeXhAPxVQuJG1atC3uiOuUqVAYVKlSrGFRvsncy3z5oR/3qf0oJRDgdzLfQ+o+mn1pof0hJfyzWf8QcIXt2LqglpNswJJzeJdB5qwjzqhwjsNjrhzAW7JUjS68N1+FQxHvFaY4xHKW31IuIY5hldSCPPMPf3ojYvFL990YgsZaTOqrEDpopB96ecWnYMck1R5n2ow9y3ibi3UyXPCWA+GcoGZTzUxM+fIgio+DYop3viYDu28IYhSxIQEiYMBjv+cUW7e8Qe9et94qZ0twXUEZgxzAH01/1Gsxb5+lInux2tUaC04XCov3iWdtBuTA6H4QvOh+Hg27jEsWGUSYmC0QTMxTrV2be40/eocMB3T/5kH/kY+n0q0qpV6JJPd+ybFt8On3E69PP/wBdKVQOxOp5AD5aUqlY1BRDrvVa4n2jex+YFd8cgBT6R+lV3chzIM6b+lXk0RjFhENb7pR3bC4AQXVvCwG2ZCN4jUMOsGj2Nwa93aPPKqT1EdOu5oBgEzyvv5dCfy+lafEqxU5ssLrvqDtPyNUgtEZy2ZjjbhlUxDAhW6yFO/UVS7pksXHOisVQT94kyQvWAuvTTqKJ9oIK+HUk2zHOSrqAB/ZTe24S1cTDIq/YIFLa5i5ALk6wZaTt9K5pqmzrhLkkzNVw10VypFTu2vOus870mptYwqVKlWMKlSpVjCqbCuVdWG4IPyM1DT7e+m+9FdgfRp0xYhVYwytpHTqDy1qzh74d1ObUGVEmJOknr6bb7zUiWrLWbd3u5LKc3xEZoytHSGBih5e3mORcgnQyZAnSdeX6V1On2cqfHoXbC14rdwcwVPqDI/8AI/Ks9hUzOBIEzqZgeE6mAT9K1vF7YuWGGpZCCD1A0DDqCus9Ky3DbmS9bbXS4u2+/Lb5VCa+xfG7iEu47u0pVk8QktDEn/KTZUgeWY1UVmNshix8Y3nkDG+29E8djAbYAMRmlQEQiGI8agyNudDXWLYI0Bbll10Ovhn6+dHwZiuwAAPwqTz1IBNdqO/dmP8AKg58lA6eVKls1Bm1YEfH4vXT+e9J8FZdYNy3aupI8Zyq6mWDFuZk5dDIAHhIqqxDHl6jSlZtWyGzq9x/FlTPkRRAOYuTEmNoMmB0p27JwVBR+DtaTO1y1cJWVyXDI6FlKgkUVxFmBkzKdNSWKggxudYjrFZywLeQZQ6t94GCkR90gA+xnfc1oO4LRm2zDcRoOtXitHNkf2B3D8OGxeFRiDLi48bZLIe42/USJ20aszxfFm7eu3Cfidm+Zo/wvFAtjsUuipa7q1O47xwi++RXJ9TWUaufJKzsxx40n4RyuqNRSNJDrUiojXKcRFNrGFSpUqxhUqVKsYVOQwZptKsY1/Bcaq4a4jScjh1H+FxHylTPrQ2/fQXNCGJcaqSRlZtSP0Me1WuyrK7MpXMe7dcsTIMMJHky6f5jVzi+DdLlprfgKkZTHMkCWjfaulW46OV0p7KK44Fjp4G8KkAqpjQkDpIMeXnQS+ioW1M7plK+oLEajrlgH03ohctFbgE52ec6kNvC8t/iJj/KPehimOY7HSNhy0/Spy2tlY0noOYi+XuHKxYHMVW4iKoYHxBcjZGglvFlEnryE3UgHTUQSfEZ5aMWM7+XvGhvs2My28x0BcADyBOoPhPy5+lA8biTnZTtr8+tbj9bYU7dIbccHaNAo26KB/DSqteEGBOoEzHkdP5tSqY4WS3q4V8wGxGxHUz5VIhIMRqwk+06jpt9KvAAmRMAMo2nRdzHWSaktYZRDkwNQfkTz9I966oI45yIsHaJVhprABMeh38qt9o8T3eGyyS1w5RttHiPyMe4ojhbmQQF8REEZdSCIO+xrHdo8WXu5Z0tjL/dux9Z0/to5JcYgxR5Ttlg/Z8NUbG/fZz/AJLShFnyzu1AQKOdpWyDD2Nu6sW8w/x3Ptnn3f6ULtW4XMee3+Ubn3Og9DXKzsXlldqciaEkwPzPQU1qeFMeU0BhhNcp2X0qbDYRrmbKVlRMEwTrGnU61kmzFelV1eGXCQMu/mIp17hF1WK5Q0c1MjadDR4S9GKFKrx4Vdy5sh3iPvbTMdPOqRQ0HFoxylXcprhFAwQ4LjjZupcH3WBjqOY9xW249xGWQqdPCwOuqkgg6eVedA1r8Df7ywhnxW2C+cTK/mR7VfC/Bz515KWJuLbuK4nxZi4Gh8QkCSCY1/nIfxNQTmAI3EHWIjSr962CTDak6zHt6aGqdy2ACragHcHX2J0oyRoPoL9nDltqx00vEc5OUrAAM+ugjes1iG8bUdwRW3Yuq66lRkbaftCTIOoUcvMHXWDnHMknzpJv6pDxX2bHXCJ0ECBv6ClXC0/ID5AD9KVSKh3hWJzeA+ZkxuB1+nvXcRcLEJIWG+IzAnqeQmNdqh4bhiZ1OxPyB/OiwwYYTBJjXXyrogm0c83GLsmGLuYe0xe6rQsKgBYgmcpV4yjxEc+pG1Y0ZgZMyevnRHiWIEJbAOgBYyTPJQB90DXTzqSzdHh+zIWWuTIbS2M/IaAwF6etLPbq+h4Klfs7iIdwNsoC7QfDoZB1nyrl38P89KgexftyxRxO5BB36xMVWOKPSqLJFdoaKR6J2fFvE4FsPiGGZ7/dYe4wHgu90HQE7wxBX+6OdC+G8LW0twYi0Dda1iO7tv8AcFq25a4YO5uIEU6aLcPSs7c4uO4S0iMpF03i+fdsgTwgKMsZZmSZNWMR2jvO73rgV7l1GtlmmQjIbZCAEASJ5H60ecPZS0S8PsLduLbFpIMliO8MIurGM+8bDmSBzov2k4Hh7eFw2Js22tFy1u7bcl2FwDN8R0iAekgqY3rLWeLMlu5b7tCLgAZiDmgEMADyGZQfOBM1Phe0Fy3Zex3dprdxg7BgxOZdiCGGUjqI86zyQu7DZd4biRnsWhbtR3qhi1u27OHuDQs6kgAaACjPa9XXF4q0iWhaJCqsWlyiEaV2ZTIPsTWZwPGUt3FdsPbbKQwAe4PEpBE+M6SNqj4rxy5fuNcuBc7GSQoWeQmAJIAAnyovJC7NZoeAcJLC39jZuKLt1rwbI7dyi2pKhSbhgM2iAmWHWh/Z+1bbGWVyI1t7qKQyhgUZwIhgeXPehmH41cthO7hHt3GuJcBIdWYKpG8EQg0I68jFEB2pH9QuJ/pbQuhg5ym4qG4DOcoGiZEkCATOlD5IAJONXsmKvqiWVVL1xVXureUKlxlURkg6DnvRzinD7V/C2cdbtJZCeG/as20IEFgLigqNGK5fFmUTv4WnK3+M27l9r1ywCrsXa2rsoZ2bMTmMkAknQEeRFW+Hdq3s4pr6oSrAqbRYZShEBG8EFANAABAA165zh4MUuKYkXHL93atidEtoqqo6aAZvU6/lTuH3IlRoDuJgabfzzqtxDH23ctbtd2p1yZ8wU9FMAhfIz61BZxUMNKCnBSsWStUX8S8Guo5JleXQfLYE/wANdxmQGMw8ukfn7RUmEuIqk5fAurE7s3JR0mJJ5Add9Lsj4O8SOS2EEk5iTqYmBrkiAZkSddOVA332I9d6mxuMa42p02FQmozab0ViqWxlKpLv6L+QpVMYP4G6RPuP/VEBilQSSepPlQzDP+/vXOIu/dlUtt4omBOg15df3rp5pI5XjbkBb7SxaIDEkeXl7bVqeG2hcsIuXxXWS0C0T3afa3Mh/AMirEbltazFtCTkiCxAE8jyP71rrF1LfdkSDbRra9NYlvU5fqanBXZaTpHOI4VlQsTpoIO+9B1QHcA+omiXEcbnAEmDUfCuHNeDEOq5ebe/896s2iMU0gTcw6ToI9Kr8Ry54XYAAVp73Z54zI6OToANDsDuTGxqgvZu5cm4Xtp4mGUnxCHKgaGDtUZ1Wi0f0zZok3DOefppl/3olguylxrkd5bhSJmROmbTy03rQ2eCrknIhKTJNxhmIkfDk2kbT5UIJeQyb8GLXApzY/Sjjdh7xjK9vXYEn8wP0rQYS0jqjrh7BVhnEt+KWEjuuQEfKn4XxrbuLYsBXICgtB2Z5abegjp0otR9ATZ5visJctmLilZmCRoY5rO4/eq1ej3MAJVGw2GYlrigluhZiSe6MaCND8qgbAKis39JhmCqCQDLE7EKDb1JJGmm29Toezz+lWs4jwJ7zLctpZsju0m2CQZJYywVIzcvbeqC9l7xdree1mUBiMzbFSw+75VqNYCpUYvdnL6uieEluYLZVEgSxKiN+U1YTsjiDzt7TqzD803oUawbaKkB2E7LEncdY1+tPxt0FQAdBsNgPQVb4Jgs73bLfEoJEa6qwVoHPf6U3iHD4Eg+3Q9DVl/GibdSpgWnK1cYQYrlRKkn7D8qVNRuu1KiYMYdcp/tad/wmfpXe98/zprWyBz19/zFMZ9hGv8AN6NgJbaHf9aIKPxET5mfWY1+hocl0bN9dPaath13zRHKSx35DSPTp5U0ZULKNjLlonYfz3rSWsaLWHsmbVxmVlylYZcpiG9NgeehoIOIMD4WZR5aE+oG31pHiVwmO8f/AFGntE9hbEcRKpD2reW4uYGQfDMbDYnLzg61Fx7iBw/dt3Vtu8JOoj4MpI5yD3nltQ3EXWcNu7EGTqddpPpWdvu33iTG00s/weH6a7gUG3cxXc2jLNnkkyS8CFPhAGblHnRLFDMjJ3VqT4ZCtInSdUHWdxMacpxWFbKogtrrV23ilCwUUn8Ra5PPWA0cxy+6OpkJaC+w9xLia2iV/p7RkMk9NBr8Mg6zB1096tYHH27+Qi1ZVkeWQjlkZdTlAIO8ciBWYONWINtTpE5nmTEnVjrofTMamS+mh7lIk6S34ieREaQPQedMhWad7akj7LDkuPIRC5oMr0by+GlYwiyPs8KQoXpOhYEjwczvWWfEpEC0oPWW/DHM9dfXy0rgxNstJtLHTM3Wfy0rcUDkzW/8rTMXy4c+HIBAjUnxbe1B8ViktFlGGsuU32EwOXgO9Z/E3RLEKFGmgkjbz13196bZxQGnP+cqFINssWu0NtVRf6W2SqgFswloAEnwc4mrvC8dmKWxghLN8bkwc3VjbOknQe1AUe5JyXCBJjxGAPQ1HcxdzZnbQg8pkaggjX0qex9M19y13PErCNat2syMCEJZTmDgM0qhzSB8t6h4lglRbrZwMpUgBS2YHSQ5gDUxlA0iTQDAXbt3EJcZ87qysWc8kIIE+ggAUf4xeW4dLndsDoI0I3Hi+6feqRf1Ysv6RlXw5MmVB1lTIbT1ET5TNVqKvaPxt4UYgZpTcj8C+LXLO3U1RNr5T9OtSKEZTWBroPymlUptxrG0ftXKxgk7ljoDz09t5piIwknSrCPAA/mnX9qV7DBy0liGjXofMedEBEzefkPKreAaxH22c+IfDp4crDruCefl5zHkVBMEkbDrHX/1Uq5TAUDRRmJKuZOp1mAd/DoNtRtRToxyw9iH7wMZdMhEgqufxyOZyaDzqxcuYYQAHHxSWkz9oCNjoe7kdJ3qhfH30aVdjEWwMvkSVg7bAmm2cRbQeJM7E6SYA9hEz508Zv0jdBEGyvi+0COsgEmfggQVGpzk7wKGcTu2Ii2MxIHi8QCmEkAE66h9xzFQ4rFliTG/08hVFhWlk1SAjRYJsKygsrCFQaFsuaBmzbnedvaqVh7YD5gCSyBTLBVWTmMDU8h11POqNloEGnGOtbn+BCz/ANL4jJPhvZQA+jZh3UlvulfKQZkmQBH/AFNoXLhC+DKe7WW+LQCTvG538qFlq6pnas8n4YMYq7h+7Pd5y+ZdW2y5BOkb5v1jSJ7hrmFMd4WUxbmMxBOY94TGo8MaDzoO8iocw0rc/wAAkEcM9klu9BIzIBlJgLm8TDST4dgetSZMJqCWBAbxSxDMAmWAV0BJubxsJihRXpFda2dz+v0ocvwIQ4n/AE4BOHYk5zoxM5MiwdQAfFm5zoNxrVi9ZwRKRceCRmJzCBlO3g6wJ5SSKDtaESHU6aiGDf8AjB+dQs1bn+Go0XDrGGGq3GzQm0kE94wceK34TkCMN4MjXlX4gilmjxGSAecAkDcDcAHbnQq1jHX4SBty6VZuY4tBMSd9htz0ouUWqoR3ZBebYbRMe8A/kPlUckc/r+1TXIPMDz10+QP5VC2hiFbzBJ/I/nUmUQ5XOonQx+9Ko7QlgCY8/auVjBGw5k68jUwbxk6aRyFKlRMRYq80zJ+I/U1TW8S+pnfkKVKsYJWXJbLOmWAOknl09qG4v429T+dKlQMQ1ylSrGO12uUqxhGkKVKsY6HPWnCu0qxh68vWp5kUqVFAZC3Oobm9KlWMRUqVKgEkG1NpUqxh1r4h/OVcpUqJj//Z', 4);

-- Dumping structure for table movietheater.moviecast
CREATE TABLE IF NOT EXISTS `moviecast` (
  `idMovie` int DEFAULT NULL,
  `idActor` int DEFAULT NULL,
  `idRole` int DEFAULT NULL,
  KEY `FK__movie` (`idMovie`),
  KEY `FK__actor` (`idActor`),
  KEY `FK__role` (`idRole`),
  CONSTRAINT `FK__actor` FOREIGN KEY (`idActor`) REFERENCES `actor` (`idActor`),
  CONSTRAINT `FK__movie` FOREIGN KEY (`idMovie`) REFERENCES `movie` (`idMovie`),
  CONSTRAINT `FK__role` FOREIGN KEY (`idRole`) REFERENCES `role` (`idRole`)
) ENGINE=InnoDB DEFAULT CHARSET=utf8mb4 COLLATE=utf8mb4_0900_ai_ci;

-- Dumping data for table movietheater.moviecast: ~15 rows (approximately)
INSERT INTO `moviecast` (`idMovie`, `idActor`, `idRole`) VALUES
	(2, 1, 1),
	(2, 2, 3),
	(2, 3, 4),
	(2, 4, 2),
	(2, 5, 2),
	(3, 6, 5),
	(3, 7, 6),
	(3, 8, 7),
	(4, 9, 8),
	(4, 10, 9),
	(5, 9, 10),
	(5, 11, 11),
	(6, 9, 10),
	(6, 13, 12),
	(6, 14, 13);

-- Dumping structure for table movietheater.moviegenre
CREATE TABLE IF NOT EXISTS `moviegenre` (
  `idMovie` int DEFAULT NULL,
  `idGenre` int DEFAULT NULL,
  KEY `FK_moviegenre_movie` (`idMovie`),
  KEY `FK_moviegenre_genre` (`idGenre`),
  CONSTRAINT `FK_moviegenre_genre` FOREIGN KEY (`idGenre`) REFERENCES `genre` (`idGenre`),
  CONSTRAINT `FK_moviegenre_movie` FOREIGN KEY (`idMovie`) REFERENCES `movie` (`idMovie`)
) ENGINE=InnoDB DEFAULT CHARSET=utf8mb4 COLLATE=utf8mb4_0900_ai_ci;

-- Dumping data for table movietheater.moviegenre: ~9 rows (approximately)
INSERT INTO `moviegenre` (`idMovie`, `idGenre`) VALUES
	(2, 1),
	(2, 2),
	(2, 3),
	(3, 2),
	(3, 4),
	(3, 5),
	(4, 5),
	(5, 5),
	(5, 2),
	(6, 2),
	(6, 5);

-- Dumping structure for table movietheater.person
CREATE TABLE IF NOT EXISTS `person` (
  `idPerson` int NOT NULL AUTO_INCREMENT,
  `familyName` varchar(255) DEFAULT NULL,
  `name` varchar(255) DEFAULT NULL,
  `gender` varchar(255) DEFAULT NULL,
  `birthday` datetime DEFAULT NULL,
  PRIMARY KEY (`idPerson`)
) ENGINE=InnoDB AUTO_INCREMENT=18 DEFAULT CHARSET=utf8mb4 COLLATE=utf8mb4_0900_ai_ci;

-- Dumping data for table movietheater.person: ~17 rows (approximately)
INSERT INTO `person` (`idPerson`, `familyName`, `name`, `gender`, `birthday`) VALUES
	(1, 'Johnstone', 'Gerard ', 'Male', '2000-03-03 09:51:59'),
	(2, 'Williams', 'Allison ', 'Female', '1988-04-13 09:55:09'),
	(3, 'McGraw', 'Violet ', 'Female', '2011-03-03 09:56:41'),
	(4, 'Jordan Alvarez', 'Brian ', 'Male', '1987-06-10 09:57:40'),
	(5, 'Donald', 'Amie ', 'Female', '2010-03-03 09:58:35'),
	(6, 'Davis', 'Jenna ', 'Female', '2004-05-05 09:59:42'),
	(7, 'Ramsey', 'Bella ', 'Female', '2003-09-30 11:00:52'),
	(8, 'Pascal', 'Pedro ', 'Male', '1975-04-02 11:03:11'),
	(9, 'Offerman', 'Nick ', 'Male', '1970-06-26 11:07:37'),
	(10, 'Spence', 'Greg ', 'Male', '1998-03-03 11:23:57'),
	(11, 'Stahelski', 'Chad ', 'Male', '1968-09-20 11:38:05'),
	(12, 'Reeves', 'Keanu ', 'Male', '1964-09-02 11:43:21'),
	(13, 'Yen', 'Donnie ', 'Male', '1963-07-27 11:45:45'),
	(14, 'Chopra', 'Priyanka ', 'Female', '1982-07-18 14:17:26'),
	(15, 'Wachowski', 'Lana ', 'Female', '1965-06-21 16:30:06'),
	(16, 'Fishburne', 'Laurence ', 'Male', '1961-07-30 16:33:36'),
	(17, 'Moss', 'Carrie-Anne', 'Female', '1967-08-21 16:36:07');

-- Dumping structure for table movietheater.producer
CREATE TABLE IF NOT EXISTS `producer` (
  `idProducer` int NOT NULL AUTO_INCREMENT,
  `idPerson` int DEFAULT NULL,
  PRIMARY KEY (`idProducer`),
  KEY `FK_producer_person` (`idPerson`),
  CONSTRAINT `FK_producer_person` FOREIGN KEY (`idPerson`) REFERENCES `person` (`idPerson`)
) ENGINE=InnoDB AUTO_INCREMENT=5 DEFAULT CHARSET=utf8mb4 COLLATE=utf8mb4_0900_ai_ci;

-- Dumping data for table movietheater.producer: ~3 rows (approximately)
INSERT INTO `producer` (`idProducer`, `idPerson`) VALUES
	(1, 1),
	(2, 10),
	(3, 11),
	(4, 15);

-- Dumping structure for table movietheater.role
CREATE TABLE IF NOT EXISTS `role` (
  `idRole` int NOT NULL AUTO_INCREMENT,
  `roleName` varchar(255) DEFAULT NULL,
  PRIMARY KEY (`idRole`)
) ENGINE=InnoDB AUTO_INCREMENT=14 DEFAULT CHARSET=utf8mb4 COLLATE=utf8mb4_0900_ai_ci;

-- Dumping data for table movietheater.role: ~8 rows (approximately)
INSERT INTO `role` (`idRole`, `roleName`) VALUES
	(1, 'Gemma'),
	(2, 'M3GAN'),
	(3, 'Cady'),
	(4, 'Cole'),
	(5, 'Ellie'),
	(6, 'Joel'),
	(7, 'Bill'),
	(8, 'John Wick'),
	(9, 'Caine'),
	(10, 'Neo'),
	(11, 'Sati'),
	(12, 'Morpheus'),
	(13, 'Trinity');

/*!40103 SET TIME_ZONE=IFNULL(@OLD_TIME_ZONE, 'system') */;
/*!40101 SET SQL_MODE=IFNULL(@OLD_SQL_MODE, '') */;
/*!40014 SET FOREIGN_KEY_CHECKS=IFNULL(@OLD_FOREIGN_KEY_CHECKS, 1) */;
/*!40101 SET CHARACTER_SET_CLIENT=@OLD_CHARACTER_SET_CLIENT */;
/*!40111 SET SQL_NOTES=IFNULL(@OLD_SQL_NOTES, 1) */;
